{"v":"5.5.2","fr":30,"ip":0,"op":27,"w":60,"h":60,"nm":"ic_fav","ddd":0,"assets":[],"layers":[{"ddd":0,"ind":1,"ty":4,"nm":"ic_fav_stroke","sr":1,"ks":{"o":{"a":1,"k":[{"i":{"x":[0.397],"y":[1]},"o":{"x":[0.17],"y":[0]},"t":3,"s":[100],"e":[0]},{"t":13}],"ix":11},"r":{"a":0,"k":0,"ix":10},"p":{"a":0,"k":[30,30,0],"ix":2},"a":{"a":0,"k":[6.25,-1.897,0],"ix":1},"s":{"a":1,"k":[{"i":{"x":[0,0,0.667],"y":[1,1,1]},"o":{"x":[0.53,0.53,0.333],"y":[0,0,0]},"t":0,"s":[91,91,100],"e":[75,75,100]},{"i":{"x":[0.448,0.448,0.667],"y":[1,1,1]},"o":{"x":[0.103,0.103,0.333],"y":[0,0,0]},"t":9,"s":[75,75,100],"e":[91,91,100]},{"t":13}],"ix":6}},"ao":0,"shapes":[{"ty":"gr","it":[{"ty":"sr","sy":1,"d":2,"pt":{"a":0,"k":5,"ix":3},"p":{"a":0,"k":[0,0],"ix":4},"r":{"a":0,"k":0,"ix":5},"ir":{"a":0,"k":12.552,"ix":6},"is":{"a":0,"k":0,"ix":8},"or":{"a":0,"k":25.105,"ix":7},"os":{"a":0,"k":0,"ix":9},"ix":1,"nm":"Polystar Path 1","mn":"ADBE Vector Shape - Star","hd":false},{"ty":"st","c":{"a":0,"k":[1,1,1,1],"ix":3},"o":{"a":0,"k":100,"ix":4},"w":{"a":0,"k":2,"ix":5},"lc":1,"lj":1,"ml":4,"bm":4,"nm":"Stroke 1","mn":"ADBE Vector Graphic - Stroke","hd":false},{"ty":"tr","p":{"a":0,"k":[6.25,0.5],"ix":2},"a":{"a":0,"k":[0,0],"ix":1},"s":{"a":0,"k":[100,100],"ix":3},"r":{"a":0,"k":0,"ix":6},"o":{"a":0,"k":100,"ix":7},"sk":{"a":0,"k":0,"ix":4},"sa":{"a":0,"k":0,"ix":5},"nm":"Transform"}],"nm":"Polystar 1","np":3,"cix":2,"bm":0,"ix":1,"mn":"ADBE Vector Group","hd":false}],"ip":0,"op":27,"st":-8,"bm":0},{"ddd":0,"ind":2,"ty":4,"nm":"ic_fav_fill","sr":1,"ks":{"o":{"a":0,"k":100,"ix":11},"r":{"a":0,"k":0,"ix":10},"p":{"a":0,"k":[30,30,0],"ix":2},"a":{"a":0,"k":[6.25,-1.897,0],"ix":1},"s":{"a":1,"k":[{"i":{"x":[0.618,0.618,0.667],"y":[1,1,1]},"o":{"x":[0.712,0.712,0.167],"y":[0,0,0]},"t":6,"s":[0,0,100],"e":[125,125,100]},{"i":{"x":[0.453,0.453,0.667],"y":[1,1,1]},"o":{"x":[0.545,0.545,0.333],"y":[0,0,0]},"t":15,"s":[125,125,100],"e":[75,75,100]},{"i":{"x":[0.547,0.547,0.667],"y":[1,1,1]},"o":{"x":[0.971,0.971,0.333],"y":[0,0,0]},"t":21,"s":[75,75,100],"e":[100,100,100]},{"t":26}],"ix":6}},"ao":0,"shapes":[{"ty":"gr","it":[{"ty":"sr","sy":1,"d":1,"pt":{"a":0,"k":5,"ix":3},"p":{"a":0,"k":[0,0],"ix":4},"r":{"a":0,"k":0,"ix":5},"ir":{"a":0,"k":12.552,"ix":6},"is":{"a":0,"k":0,"ix":8},"or":{"a":0,"k":25.105,"ix":7},"os":{"a":0,"k":0,"ix":9},"ix":1,"nm":"Polystar Path 1","mn":"ADBE Vector Shape - Star","hd":false},{"ty":"fl","c":{"a":0,"k":[1,1,1,1],"ix":4},"o":{"a":0,"k":100,"ix":5},"r":1,"bm":0,"nm":"Fill 1","mn":"ADBE Vector Graphic - Fill","hd":false},{"ty":"tr","p":{"a":0,"k":[6.25,0.5],"ix":2},"a":{"a":0,"k":[0,0],"ix":1},"s":{"a":0,"k":[100,100],"ix":3},"r":{"a":0,"k":0,"ix":6},"o":{"a":0,"k":100,"ix":7},"sk":{"a":0,"k":0,"ix":4},"sa":{"a":0,"k":0,"ix":5},"nm":"Transform"}],"nm":"Polystar 1","np":3,"cix":2,"bm":0,"ix":1,"mn":"ADBE Vector Group","hd":false}],"ip":0,"op":27,"st":-8,"bm":0}],"markers":[]}